date,bullish,neutral,bearish
1987-07-24,0.36,0.5,0.14
1987-07-31,0.26,0.48,0.26
1987-08-07,0.56,0.15,0.29
1987-08-14,0.45,0.35,0.2
1987-08-21,0.66,0.28,0.06
1987-08-28,0.52,0.18,0.3
1987-09-04,0.42,0.17,0.41
1987-09-11,0.5,0.23,0.27
1987-09-18,0.6,0.29,0.11
1987-09-25,0.53,0.17,0.3
1987-10-02,0.44,0.26,0.3
1987-10-09,0.46,0.39,0.15
1987-10-16,0.37,0.3,0.33
1987-10-23,0.39,0.3,0.31
1987-10-30,0.44,0.23,0.33
1987-11-06,0.47,0.31,0.22
1987-11-13,0.31,0.41,0.28
1987-11-20,0.39,0.42,0.19
1987-11-27,0.27,0.46,0.27
1987-12-04,0.25,0.33,0.42
1987-12-11,0.23,0.45,0.32
1987-12-18,0.33,0.4,0.27
1987-12-24,0.28,0.52,0.2
1987-12-31,0.25,0.49,0.26
1988-01-08,0.34,0.46,0.2
1988-01-15,0.34,0.4,0.26
1988-01-22,0.21,0.48,0.31
1988-01-29,0.26,0.45,0.29
1988-02-05,0.32,0.53,0.15
1988-02-12,0.32,0.46,0.22
1988-02-19,0.27,0.49,0.24
1988-02-26,0.3,0.51,0.19
1988-03-04,0.38,0.4,0.22
1988-03-11,0.43,0.4,0.17
1988-03-18,0.41,0.49,0.1
1988-03-25,0.45,0.38,0.17
1988-04-01,0.35,0.45,0.2
1988-04-08,0.33,0.48,0.19
1988-04-15,0.23,0.53,0.24
1988-04-22,0.23,0.57,0.2
1988-04-29,0.22,0.48,0.3
1988-05-06,0.38,0.42,0.2
1988-05-13,0.19,0.56,0.25
1988-05-20,0.23,0.52,0.25
1988-05-27,0.28,0.52,0.2
1988-06-03,0.26,0.62,0.12
1988-06-10,0.28,0.49,0.23
1988-06-17,0.29,0.5,0.21
1988-06-24,0.33,0.44,0.23
1988-07-01,0.45,0.38,0.17
1988-07-08,0.35,0.5,0.15
1988-07-15,0.26,0.37,0.37
1988-07-22,0.16,0.58,0.26
1988-07-29,0.23,0.54,0.23
1988-08-05,0.21,0.49,0.3
1988-08-12,0.26,0.48,0.26
1988-08-19,0.19,0.53,0.28
1988-08-26,0.28,0.4,0.32
1988-09-02,0.18,0.43,0.39
1988-09-09,0.17,0.52,0.31
1988-09-16,0.24,0.46,0.3
1988-09-23,0.2,0.53,0.27
1988-09-30,0.26,0.44,0.3
1988-10-07,0.13,0.49,0.38
1988-10-14,0.22,0.46,0.32
1988-10-21,0.26,0.51,0.23
1988-10-28,0.4,0.38,0.22
1988-11-04,0.35,0.46,0.19
1988-11-11,0.23,0.56,0.21
1988-11-18,0.3,0.34,0.36
1988-11-25,0.17,0.44,0.39
1988-12-02,0.19,0.47,0.34
1988-12-09,0.17,0.44,0.39
1988-12-16,0.24,0.54,0.22
1988-12-23,0.22,0.46,0.32
1988-12-30,0.24,0.54,0.22
1989-01-06,0.26,0.51,0.23
1989-01-13,0.36,0.44,0.2
1989-01-20,0.36,0.47,0.17
1989-01-27,0.32,0.49,0.19
1989-02-03,0.33,0.44,0.23
1989-02-10,0.43,0.31,0.26
1989-02-17,0.42,0.41,0.17
1989-02-24,0.29,0.45,0.26
1989-03-03,0.29,0.35,0.36
1989-03-10,0.13,0.52,0.35
1989-03-17,0.28,0.43,0.29
1989-03-23,0.29,0.41,0.3
1989-03-31,0.18,0.42,0.4
1989-04-07,0.23,0.45,0.32
1989-04-14,0.25,0.42,0.33
1989-04-21,0.21,0.51,0.28
1989-04-28,0.31,0.4,0.29
1989-05-05,0.3,0.4,0.3
1989-05-12,0.38,0.43,0.19
1989-05-19,0.43,0.38,0.19
1989-05-26,0.48,0.31,0.21
1989-06-02,0.42,0.27,0.31
1989-06-09,0.43,0.34,0.23
1989-06-16,0.32,0.37,0.31
1989-06-23,0.33,0.22,0.45
1989-06-30,0.4,0.34,0.26
1989-07-07,0.37,0.32,0.31
1989-07-14,0.22,0.3,0.48
1989-07-21,0.32,0.39,0.29
1989-07-28,0.41,0.25,0.34
1989-08-04,0.35,0.3,0.35
1989-08-11,0.53,0.21,0.26
1989-08-18,0.35,0.28,0.37
1989-08-25,0.45,0.24,0.31
1989-09-01,0.34,0.3,0.36
1989-09-08,0.3,0.3,0.4
1989-09-15,0.31,0.44,0.25
1989-09-22,0.24,0.37,0.39
1989-09-29,0.33,0.38,0.29
1989-10-06,0.24,0.43,0.33
1989-10-13,0.28,0.52,0.2
1989-10-20,0.39,0.28,0.33
1989-10-27,0.36,0.33,0.31
1989-11-03,0.37,0.31,0.32
1989-11-10,0.27,0.37,0.36
1989-11-17,0.24,0.28,0.48
1989-11-22,0.27,0.4,0.33
1989-12-01,0.28,0.4,0.32
1989-12-08,0.31,0.41,0.28
1989-12-15,0.42,0.3,0.28
1989-12-22,0.36,0.32,0.32
1989-12-29,0.35,0.31,0.34
1990-01-05,0.4,0.3,0.3
1990-01-12,0.45,0.38,0.17
1990-01-19,0.31,0.49,0.2
1990-01-26,0.24,0.38,0.38
1990-02-02,0.15,0.37,0.48
1990-02-09,0.19,0.3,0.51
1990-02-16,0.23,0.43,0.34
1990-02-23,0.24,0.38,0.38
1990-03-02,0.21,0.37,0.42
1990-03-09,0.22,0.42,0.36
1990-03-16,0.25,0.35,0.4
1990-03-23,0.37,0.39,0.24
1990-03-30,0.34,0.35,0.31
1990-04-06,0.38,0.37,0.25
1990-04-12,0.27,0.56,0.17
1990-04-20,0.34,0.43,0.23
1990-04-27,0.28,0.35,0.37
1990-05-04,0.2,0.35,0.45
1990-05-11,0.28,0.38,0.34
1990-05-18,0.37,0.35,0.28
1990-05-25,0.39,0.32,0.29
1990-06-01,0.37,0.28,0.35
1990-06-08,0.35,0.35,0.3
1990-06-15,0.43,0.32,0.25
1990-06-22,0.34,0.32,0.34
1990-06-29,0.31,0.31,0.38
1990-07-06,0.28,0.34,0.38
1990-07-13,0.4,0.3,0.3
1990-07-20,0.4,0.3,0.3
1990-07-27,0.52,0.24,0.24
1990-08-03,0.26,0.28,0.46
1990-08-10,0.25,0.21,0.54
1990-08-17,0.18,0.23,0.59
1990-08-24,0.25,0.24,0.51
1990-08-31,0.23,0.16,0.61
1990-09-07,0.33,0.18,0.49
1990-09-14,0.16,0.33,0.51
1990-09-21,0.13,0.31,0.56
1990-09-28,0.26,0.2,0.54
1990-10-05,0.15,0.26,0.59
1990-10-12,0.21,0.27,0.52
1990-10-19,0.13,0.2,0.67
1990-10-26,0.23,0.19,0.58
1990-11-02,0.2,0.36,0.44
1990-11-09,0.2,0.32,0.48
1990-11-16,0.12,0.33,0.55
1990-11-21,0.16,0.37,0.47
1990-11-30,0.22,0.33,0.45
1990-12-07,0.26,0.33,0.41
1990-12-14,0.31,0.31,0.38
1990-12-21,0.16,0.34,0.5
1990-12-28,0.3,0.3,0.4
1991-01-04,0.31,0.39,0.3
1991-01-11,0.22,0.3,0.48
1991-01-18,0.22,0.27,0.51
1991-01-25,0.25,0.25,0.5
1991-02-01,0.29,0.29,0.42
1991-02-08,0.36,0.28,0.36
1991-02-15,0.46,0.3,0.24
1991-02-22,0.57,0.2,0.23
1991-03-01,0.5,0.18,0.32
1991-03-08,0.5,0.21,0.29
1991-03-15,0.55,0.22,0.23
1991-03-22,0.42,0.31,0.27
1991-03-29,0.47,0.28,0.25
1991-04-05,0.58,0.22,0.2
1991-04-12,0.43,0.32,0.25
1991-04-19,0.39,0.39,0.22
1991-04-26,0.55,0.28,0.17
1991-05-03,0.39,0.33,0.28
1991-05-10,0.38,0.34,0.28
1991-05-17,0.42,0.32,0.26
1991-05-24,0.38,0.39,0.23
1991-05-31,0.42,0.35,0.23
1991-06-07,0.46,0.37,0.17
1991-06-14,0.47,0.31,0.22
1991-06-21,0.44,0.4,0.16
1991-06-28,0.28,0.37,0.35
1991-07-03,0.28,0.39,0.33
1991-07-12,0.41,0.39,0.2
1991-07-19,0.27,0.51,0.22
1991-07-26,0.35,0.42,0.23
1991-08-02,0.33,0.36,0.31
1991-08-09,0.26,0.45,0.29
1991-08-16,0.37,0.33,0.3
1991-08-23,0.32,0.36,0.32
1991-08-30,0.41,0.4,0.19
1991-09-06,0.36,0.31,0.33
1991-09-13,0.43,0.39,0.18
1991-09-20,0.32,0.48,0.2
1991-09-27,0.31,0.38,0.31
1991-10-04,0.35,0.3,0.35
1991-10-11,0.39,0.37,0.24
1991-10-18,0.3,0.31,0.39
1991-10-25,0.31,0.36,0.33
1991-11-01,0.52,0.12,0.36
1991-11-08,0.32,0.36,0.32
1991-11-15,0.38,0.33,0.29
1991-11-22,0.48,0.32,0.2
1991-11-27,0.33,0.27,0.4
1991-12-06,0.23,0.32,0.45
1991-12-13,0.33,0.36,0.31
1991-12-20,0.36,0.3,0.34
1991-12-27,0.39,0.29,0.32
1992-01-03,0.49,0.2,0.31
1992-01-10,0.48,0.27,0.25
1992-01-17,0.51,0.21,0.28
1992-01-24,0.46,0.25,0.29
1992-01-31,0.47,0.26,0.27
1992-02-07,0.36,0.39,0.25
1992-02-14,0.46,0.28,0.26
1992-02-21,0.47,0.25,0.28
1992-02-28,0.43,0.36,0.21
1992-03-06,0.45,0.29,0.26
1992-03-13,0.38,0.35,0.27
1992-03-20,0.48,0.29,0.23
1992-03-27,0.43,0.35,0.22
1992-04-03,0.35,0.42,0.23
1992-04-10,0.43,0.27,0.3
1992-04-17,0.37,0.38,0.25
1992-04-24,0.52,0.34,0.14
1992-05-01,0.29,0.36,0.35
1992-05-08,0.43,0.31,0.26
1992-05-15,0.4,0.37,0.23
1992-05-22,0.48,0.24,0.28
1992-05-29,0.41,0.43,0.16
1992-06-05,0.41,0.4,0.19
1992-06-12,0.31,0.46,0.23
1992-06-19,0.35,0.37,0.28
1992-06-26,0.39,0.34,0.27
1992-07-02,0.21,0.44,0.35
1992-07-09,0.23,0.42,0.35
1992-07-17,0.29,0.4,0.31
1992-07-24,0.32,0.44,0.24
1992-07-31,0.22,0.47,0.31
1992-08-05,0.28,0.39,0.33
1992-08-14,0.26,0.37,0.37
1992-08-21,0.22,0.34,0.44
1992-08-28,0.3,0.37,0.33
1992-09-04,0.14,0.44,0.42
1992-09-11,0.22,0.39,0.39
1992-09-18,0.21,0.42,0.37
1992-09-25,0.25,0.34,0.41
1992-10-02,0.3,0.35,0.35
1992-10-09,0.21,0.35,0.44
1992-10-16,0.2,0.24,0.56
1992-10-23,0.21,0.32,0.47
1992-10-30,0.35,0.35,0.3
1992-11-06,0.49,0.27,0.24
1992-11-13,0.37,0.44,0.19
1992-11-20,0.48,0.38,0.14
1992-11-25,0.43,0.37,0.2
1992-12-04,0.37,0.39,0.24
1992-12-11,0.43,0.42,0.15
1992-12-18,0.63,0.27,0.1
1992-12-24,0.55,0.3,0.15
1993-01-01,0.6,0.27,0.13
1993-01-08,0.2,0.49,0.31
1993-01-15,0.54,0.32,0.14
1993-01-22,0.41,0.38,0.21
1993-01-29,0.4,0.37,0.23
1993-02-05,0.44,0.34,0.22
1993-02-12,0.47,0.31,0.22
1993-02-19,0.46,0.27,0.27
1993-02-26,0.34,0.32,0.34
1993-03-05,0.27,0.36,0.37
1993-03-12,0.45,0.33,0.22
1993-03-19,0.41,0.32,0.27
1993-03-26,0.43,0.34,0.23
1993-04-02,0.37,0.36,0.27
1993-04-09,0.32,0.39,0.29
1993-04-16,0.31,0.35,0.34
1993-04-23,0.28,0.42,0.3
1993-04-30,0.22,0.37,0.41
1993-05-07,0.21,0.45,0.34
1993-05-14,0.2,0.41,0.39
1993-05-21,0.21,0.34,0.45
1993-05-28,0.24,0.37,0.39
1993-06-04,0.33,0.39,0.28
1993-06-11,0.23,0.36,0.41
1993-06-18,0.22,0.35,0.43
1993-06-25,0.28,0.38,0.34
1993-07-02,0.18,0.44,0.38
1993-07-09,0.21,0.45,0.34
1993-07-16,0.22,0.44,0.34
1993-07-23,0.24,0.43,0.33
1993-07-30,0.25,0.45,0.3
1993-08-06,0.26,0.42,0.32
1993-08-13,0.25,0.41,0.34
1993-08-20,0.29,0.41,0.3
1993-08-27,0.27,0.35,0.38
1993-09-03,0.38,0.33,0.29
1993-09-10,0.3,0.3,0.4
1993-09-17,0.32,0.34,0.34
1993-09-24,0.28,0.4,0.32
1993-10-01,0.26,0.34,0.4
1993-10-08,0.29,0.37,0.34
1993-10-15,0.31,0.38,0.31
1993-10-22,0.42,0.3,0.28
1993-10-29,0.43,0.33,0.24
1993-11-04,0.32,0.36,0.32
1993-11-11,0.35,0.3,0.35
1993-11-18,0.34,0.31,0.35
1993-11-24,0.45,0.3,0.25
1993-12-02,0.33,0.32,0.35
1993-12-09,0.37,0.39,0.24
1993-12-16,0.33,0.38,0.29
1993-12-23,0.36,0.31,0.33
1993-12-30,0.44,0.28,0.28
1994-01-06,0.4,0.33,0.27
1994-01-13,0.38,0.31,0.31
1994-01-20,0.48,0.26,0.26
1994-01-27,0.41,0.25,0.34
1994-02-03,0.38,0.29,0.33
1994-02-10,0.49,0.27,0.24
1994-02-17,0.4,0.36,0.24
1994-02-24,0.41,0.3,0.29
1994-03-03,0.31,0.42,0.27
1994-03-10,0.29,0.34,0.37
1994-03-17,0.24,0.41,0.35
1994-03-24,0.29,0.37,0.34
1994-03-31,0.23,0.33,0.44
1994-04-07,0.28,0.31,0.41
1994-04-14,0.29,0.23,0.48
1994-04-21,0.26,0.41,0.33
1994-04-28,0.27,0.35,0.38
1994-05-05,0.32,0.32,0.36
1994-05-12,0.38,0.32,0.3
1994-05-19,0.22,0.36,0.42
1994-05-26,0.29,0.33,0.38
1994-06-02,0.39,0.36,0.25
1994-06-09,0.28,0.47,0.25
1994-06-16,0.32,0.42,0.26
1994-06-23,0.29,0.45,0.26
1994-06-30,0.32,0.37,0.31
1994-07-07,0.28,0.32,0.4
1994-07-14,0.25,0.4,0.35
1994-07-21,0.34,0.38,0.28
1994-07-28,0.27,0.42,0.31
1994-08-04,0.22,0.52,0.26
1994-08-11,0.34,0.37,0.29
1994-08-18,0.3,0.4,0.3
1994-08-25,0.32,0.39,0.29
1994-09-01,0.43,0.34,0.23
1994-09-08,0.47,0.33,0.2
1994-09-15,0.45,0.25,0.3
1994-09-22,0.37,0.36,0.27
1994-09-29,0.38,0.32,0.3
1994-10-06,0.33,0.39,0.28
1994-10-13,0.35,0.39,0.26
1994-10-20,0.39,0.33,0.28
1994-10-27,0.43,0.38,0.19
1994-11-03,0.4,0.35,0.25
1994-11-10,0.37,0.31,0.32
1994-11-17,0.39,0.22,0.39
1994-11-23,0.39,0.32,0.29
1994-11-30,0.44,0.3,0.26
1994-12-08,0.3,0.35,0.35
1994-12-15,0.33,0.35,0.32
1994-12-22,0.42,0.25,0.33
1994-12-29,0.4,0.43,0.17
1995-01-05,0.44,0.31,0.25
1995-01-12,0.36,0.42,0.22
1995-01-19,0.37,0.39,0.24
1995-01-26,0.38,0.37,0.25
1995-02-02,0.38,0.37,0.25
1995-02-09,0.34,0.43,0.23
1995-02-16,0.43,0.37,0.2
1995-02-23,0.46,0.37,0.17
1995-03-02,0.53,0.26,0.21
1995-03-09,0.48,0.34,0.18
1995-03-16,0.39,0.41,0.2
1995-03-23,0.47,0.3,0.23
1995-03-30,0.52,0.23,0.25
1995-04-06,0.42,0.25,0.33
1995-04-13,0.4,0.23,0.37
1995-04-20,0.37,0.27,0.36
1995-04-27,0.52,0.29,0.19
1995-05-04,0.42,0.27,0.31
1995-05-11,0.44,0.26,0.3
1995-05-18,0.42,0.23,0.35
1995-05-25,0.44,0.26,0.3
1995-06-01,0.39,0.34,0.27
1995-06-08,0.44,0.25,0.31
1995-06-15,0.36,0.31,0.33
1995-06-22,0.48,0.21,0.31
1995-06-29,0.35,0.28,0.37
1995-07-06,0.35,0.34,0.31
1995-07-13,0.44,0.18,0.38
1995-07-20,0.43,0.3,0.27
1995-07-27,0.41,0.26,0.33
1995-08-03,0.38,0.34,0.28
1995-08-10,0.4,0.3,0.3
1995-08-17,0.36,0.43,0.21
1995-08-24,0.35,0.28,0.37
1995-08-31,0.38,0.42,0.2
1995-09-07,0.37,0.36,0.27
1995-09-14,0.46,0.32,0.22
1995-09-21,0.46,0.25,0.29
1995-09-28,0.42,0.27,0.31
1995-10-05,0.39,0.37,0.24
1995-10-12,0.41,0.3,0.29
1995-10-19,0.47,0.32,0.21
1995-10-26,0.46,0.33,0.21
1995-11-02,0.47,0.34,0.19
1995-11-09,0.49,0.35,0.16
1995-11-16,0.46,0.31,0.23
1995-11-22,0.48,0.18,0.34
1995-11-30,0.51,0.3,0.19
1995-12-07,0.48,0.28,0.24
1995-12-14,0.51,0.23,0.26
1995-12-21,0.48,0.28,0.24
1995-12-28,0.46,0.34,0.2
1996-01-04,0.55,0.18,0.27
1996-01-18,0.42,0.29,0.29
1996-01-25,0.36,0.4,0.24
1996-02-01,0.54,0.31,0.15
1996-02-08,0.53,0.31,0.16
1996-02-15,0.54,0.21,0.25
1996-02-22,0.49,0.22,0.29
1996-02-29,0.45,0.28,0.27
1996-03-07,0.44,0.28,0.28
1996-03-14,0.36,0.35,0.29
1996-03-21,0.47,0.31,0.22
1996-03-28,0.45,0.31,0.24
1996-04-04,0.4,0.43,0.17
1996-04-11,0.4,0.42,0.18
1996-04-18,0.36,0.38,0.26
1996-04-25,0.28,0.4,0.32
1996-05-02,0.48,0.31,0.21
1996-05-09,0.46,0.38,0.16
1996-05-16,0.37,0.4,0.23
1996-05-23,0.51,0.35,0.14
1996-05-30,0.61,0.29,0.1
1996-06-06,0.47,0.28,0.25
1996-06-13,0.49,0.28,0.23
1996-06-20,0.42,0.32,0.26
1996-06-27,0.42,0.41,0.17
1996-07-03,0.32,0.44,0.24
1996-07-11,0.4,0.35,0.25
1996-07-18,0.29,0.45,0.26
1996-07-25,0.3,0.32,0.38
1996-08-01,0.29,0.38,0.33
1996-08-08,0.27,0.42,0.31
1996-08-15,0.43,0.37,0.2
1996-08-22,0.28,0.46,0.26
1996-08-29,0.28,0.43,0.29
1996-09-05,0.29,0.35,0.36
1996-09-12,0.26,0.46,0.28
1996-09-19,0.28,0.41,0.31
1996-09-26,0.34,0.39,0.27
1996-10-03,0.4,0.31,0.29
1996-10-10,0.38,0.36,0.26
1996-10-17,0.39,0.36,0.25
1996-10-24,0.42,0.33,0.25
1996-10-31,0.37,0.29,0.34
1996-11-07,0.26,0.45,0.29
1996-11-14,0.37,0.34,0.29
1996-11-21,0.43,0.3,0.27
1996-11-27,0.52,0.27,0.21
1996-12-05,0.41,0.26,0.33
1996-12-12,0.4,0.28,0.32
1996-12-19,0.33,0.28,0.39
1996-12-26,0.37,0.33,0.3
1997-01-02,0.43,0.33,0.24
1997-01-09,0.36,0.39,0.25
1997-01-16,0.42,0.32,0.26
1997-01-23,0.37,0.41,0.22
1997-01-30,0.51,0.33,0.16
1997-02-06,0.47,0.29,0.24
1997-02-13,0.45,0.37,0.18
1997-02-20,0.44,0.36,0.2
1997-02-27,0.63,0.22,0.15
1997-03-06,0.43,0.37,0.2
1997-03-13,0.34,0.36,0.3
1997-03-20,0.36,0.42,0.22
1997-03-27,0.27,0.4,0.33
1997-04-03,0.29,0.4,0.31
1997-04-10,0.26,0.37,0.37
1997-04-17,0.31,0.41,0.28
1997-04-24,0.28,0.4,0.32
1997-05-01,0.27,0.44,0.29
1997-05-08,0.3,0.44,0.26
1997-05-15,0.41,0.36,0.23
1997-05-22,0.4,0.35,0.25
1997-05-29,0.4,0.4,0.2
1997-06-05,0.52,0.33,0.15
1997-06-12,0.49,0.35,0.16
1997-06-19,0.59,0.26,0.15
1997-06-26,0.52,0.25,0.23
1997-07-03,0.45,0.3,0.25
1997-07-10,0.49,0.33,0.18
1997-07-17,0.54,0.3,0.16
1997-07-24,0.53,0.25,0.22
1997-07-31,0.48,0.26,0.26
1997-08-07,0.49,0.28,0.23
1997-08-14,0.49,0.3,0.21
1997-08-21,0.47,0.33,0.2
1997-08-28,0.5,0.28,0.22
1997-09-04,0.37,0.38,0.25
1997-09-11,0.42,0.36,0.22
1997-09-18,0.4,0.44,0.16
1997-09-25,0.39,0.42,0.19
1997-10-02,0.38,0.43,0.19
1997-10-09,0.43,0.43,0.14
1997-10-16,0.43,0.36,0.21
1997-10-23,0.4,0.46,0.14
1997-10-30,0.41,0.36,0.23
1997-11-06,0.38,0.37,0.25
1997-11-13,0.45,0.38,0.17
1997-11-20,0.4,0.38,0.22
1997-11-26,0.4,0.4,0.2
1997-12-04,0.49,0.33,0.18
1997-12-11,0.46,0.37,0.17
1997-12-18,0.4,0.41,0.19
1997-12-24,0.41,0.36,0.23
1997-12-31,0.34,0.35,0.31
1998-01-08,0.42,0.4,0.18
1998-01-16,0.38,0.45,0.17
1998-01-23,0.31,0.39,0.3
1998-01-30,0.38,0.42,0.2
1998-02-05,0.3,0.45,0.25
1998-02-12,0.45,0.36,0.19
1998-02-19,0.42,0.43,0.15
1998-02-26,0.53,0.33,0.14
1998-03-05,0.53,0.34,0.13
1998-03-12,0.44,0.36,0.2
1998-03-19,0.4,0.38,0.22
1998-03-26,0.45,0.35,0.2
1998-04-02,0.46,0.32,0.22
1998-04-09,0.41,0.36,0.23
1998-04-16,0.53,0.32,0.15
1998-04-23,0.4,0.38,0.22
1998-04-30,0.44,0.31,0.25
1998-05-07,0.43,0.34,0.23
1998-05-14,0.33,0.41,0.26
1998-05-21,0.38,0.39,0.23
1998-05-28,0.34,0.4,0.26
1998-06-04,0.25,0.44,0.31
1998-06-11,0.27,0.49,0.24
1998-06-18,0.29,0.38,0.33
1998-06-25,0.28,0.44,0.28
1998-07-02,0.33,0.48,0.19
1998-07-09,0.36,0.44,0.2
1998-07-16,0.35,0.44,0.21
1998-07-23,0.37,0.39,0.24
1998-07-30,0.44,0.36,0.2
1998-08-06,0.3,0.44,0.26
1998-08-13,0.27,0.38,0.35
1998-08-20,0.25,0.42,0.33
1998-08-27,0.23,0.32,0.45
1998-09-03,0.23,0.37,0.4
1998-09-10,0.29,0.31,0.4
1998-09-17,0.34,0.35,0.31
1998-09-24,0.34,0.38,0.28
1998-10-01,0.32,0.35,0.33
1998-10-08,0.25,0.43,0.32
1998-10-15,0.25,0.34,0.41
1998-10-22,0.32,0.35,0.33
1998-10-29,0.43,0.36,0.21
1998-11-05,0.38,0.42,0.2
1998-11-12,0.5,0.36,0.14
1998-11-19,0.4,0.42,0.18
1998-11-25,0.48,0.35,0.17
1998-12-03,0.49,0.3,0.21
1998-12-10,0.44,0.3,0.26
1998-12-17,0.41,0.34,0.25
1998-12-23,0.34,0.34,0.32
1998-12-31,0.41,0.37,0.22
1999-01-07,0.38,0.39,0.23
1999-01-14,0.51,0.28,0.21
1999-01-21,0.56,0.24,0.2
1999-01-28,0.47,0.33,0.2
1999-02-04,0.48,0.38,0.14
1999-02-11,0.48,0.35,0.17
1999-02-18,0.37,0.39,0.24
1999-02-25,0.37,0.39,0.24
1999-03-04,0.36,0.45,0.19
1999-03-11,0.37,0.42,0.21
1999-03-18,0.48,0.31,0.21
1999-03-25,0.38,0.33,0.29
1999-04-01,0.4,0.35,0.25
1999-04-08,0.36,0.38,0.26
1999-04-15,0.41,0.31,0.28
1999-04-22,0.38,0.32,0.3
1999-04-29,0.41,0.32,0.27
1999-05-06,0.54,0.32,0.14
1999-05-13,0.43,0.31,0.26
1999-05-20,0.43,0.31,0.26
1999-05-27,0.38,0.42,0.2
1999-06-03,0.32,0.36,0.32
1999-06-10,0.32,0.4,0.28
1999-06-17,0.38,0.35,0.27
1999-06-24,0.3,0.39,0.31
1999-07-01,0.35,0.38,0.27
1999-07-08,0.43,0.36,0.21
1999-07-15,0.54,0.28,0.18
1999-07-22,0.55,0.23,0.22
1999-07-29,0.42,0.38,0.2
1999-08-05,0.3,0.46,0.24
1999-08-12,0.3,0.4,0.3
1999-08-19,0.31,0.46,0.23
1999-08-26,0.35,0.4,0.25
1999-09-02,0.44,0.38,0.18
1999-09-09,0.37,0.38,0.25
1999-09-16,0.36,0.43,0.21
1999-09-23,0.36,0.36,0.28
1999-09-30,0.35,0.42,0.23
1999-10-07,0.34,0.38,0.28
1999-10-14,0.42,0.39,0.19
1999-10-21,0.38,0.37,0.25
1999-10-28,0.38,0.38,0.24
1999-11-04,0.43,0.35,0.22
1999-11-11,0.48,0.26,0.26
1999-11-18,0.46,0.32,0.22
1999-11-24,0.55,0.28,0.17
1999-12-02,0.62,0.25,0.13
1999-12-09,0.62,0.27,0.11
1999-12-16,0.54,0.26,0.2
1999-12-23,0.52,0.31,0.17
1999-12-30,0.6,0.25,0.15
2000-01-06,0.75,0.117,0.133
2000-01-13,0.593,0.222,0.185
2000-01-20,0.571,0.25,0.179
2000-01-27,0.537,0.259,0.204
2000-02-03,0.511,0.244,0.244
2000-02-10,0.419,0.302,0.279
2000-02-17,0.273,0.485,0.242
2000-02-24,0.414,0.276,0.31
2000-03-02,0.367,0.4,0.233
2000-03-08,0.583,0.25,0.167
2000-03-16,0.5,0.233,0.267
2000-03-23,0.657,0.143,0.2
2000-03-30,0.389,0.111,0.5
2000-04-06,0.458,0.333,0.208
2000-04-13,0.519,0.185,0.296
2000-04-20,0.637,0.137,0.226
2000-04-27,0.613,0.242,0.145
2000-05-04,0.348,0.304,0.348
2000-05-11,0.302,0.442,0.256
2000-05-18,0.353,0.235,0.412
2000-05-25,0.349,0.286,0.365
2000-06-01,0.417,0.208,0.375
2000-06-08,0.615,0.154,0.231
2000-06-15,0.438,0.375,0.188
2000-06-22,0.267,0.333,0.4
2000-07-06,0.561,0.281,0.159
2000-07-13,0.65,0.15,0.2
2000-07-20,0.667,0.213,0.12
2000-07-27,0.429,0.371,0.2
2000-08-03,0.413,0.348,0.239
2000-08-10,0.541,0.344,0.115
2000-08-17,0.594,0.219,0.188
2000-08-23,0.577,0.192,0.231
2000-08-31,0.559,0.265,0.177
2000-09-07,0.625,0.292,0.083
2000-09-14,0.412,0.353,0.235
2000-09-21,0.438,0.375,0.188
2000-09-28,0.533,0.4,0.067
2000-10-05,0.419,0.323,0.258
2000-10-12,0.415,0.268,0.317
2000-10-19,0.489,0.267,0.244
2000-10-26,0.641,0.18,0.18
2000-11-02,0.516,0.258,0.226
2000-11-09,0.629,0.286,0.086
2000-11-16,0.458,0.375,0.167
2000-11-23,0.365,0.27,0.365
2000-11-30,0.604,0.229,0.167
2000-12-07,0.471,0.157,0.373
2000-12-14,0.596,0.077,0.327
2000-12-21,0.311,0.178,0.511
2000-12-28,0.4,0.28,0.32
2001-01-04,0.426,0.333,0.241
2001-01-11,0.357,0.214,0.429
2001-01-18,0.366,0.39,0.244
2001-01-25,0.492,0.246,0.262
2001-02-01,0.5,0.308,0.192
2001-02-08,0.556,0.3,0.144
2001-02-15,0.304,0.478,0.217
2001-02-22,0.263,0.351,0.386
2001-03-01,0.46,0.203,0.338
2001-03-08,0.316,0.367,0.316
2001-03-15,0.309,0.327,0.364
2001-03-22,0.278,0.25,0.472
2001-03-29,0.373,0.353,0.275
2001-04-05,0.351,0.261,0.387
2001-04-12,0.303,0.288,0.409
2001-04-19,0.438,0.25,0.313
2001-04-26,0.466,0.224,0.31
2001-05-03,0.635,0.149,0.216
2001-05-10,0.533,0.289,0.178
2001-05-17,0.518,0.294,0.188
2001-05-24,0.619,0.214,0.167
2001-05-31,0.494,0.221,0.286
2001-06-07,0.426,0.319,0.255
2001-06-14,0.305,0.475,0.22
2001-06-21,0.333,0.433,0.233
2001-06-28,0.304,0.367,0.329
2001-07-05,0.407,0.407,0.185
2001-07-12,0.253,0.385,0.363
2001-07-19,0.5,0.348,0.152
2001-07-26,0.295,0.324,0.381
2001-08-02,0.364,0.273,0.364
2001-08-09,0.349,0.374,0.277
2001-08-16,0.354,0.271,0.375
2001-08-23,0.345,0.345,0.31
2001-08-30,0.314,0.457,0.229
2001-09-06,0.303,0.36,0.337
2001-09-13,0.267,0.367,0.367
2001-09-20,0.311,0.243,0.446
2001-09-27,0.511,0.267,0.222
2001-10-04,0.512,0.195,0.293
2001-10-11,0.474,0.246,0.281
2001-10-18,0.606,0.183,0.211
2001-10-25,0.559,0.265,0.177
2001-11-01,0.35,0.317,0.333
2001-11-08,0.346,0.231,0.423
2001-11-15,0.455,0.212,0.333
2001-11-22,0.583,0.167,0.25
2001-11-29,0.693,0.107,0.2
2001-12-06,0.592,0.163,0.245
2001-12-13,0.614,0.246,0.14
2001-12-20,0.525,0.213,0.262
2001-12-27,0.577,0.154,0.269
2002-01-03,0.511,0.244,0.244
2002-01-10,0.548,0.233,0.219
2002-01-17,0.296,0.409,0.296
2002-01-24,0.347,0.347,0.306
2002-01-31,0.455,0.318,0.227
2002-02-07,0.375,0.396,0.229
2002-02-14,0.452,0.387,0.161
2002-02-21,0.364,0.382,0.255
2002-02-28,0.444,0.352,0.204
2002-03-07,0.533,0.311,0.156
2002-03-14,0.565,0.29,0.145
2002-03-21,0.532,0.355,0.113
2002-03-28,0.512,0.256,0.233
2002-04-04,0.405,0.393,0.202
2002-04-11,0.282,0.385,0.333
2002-04-18,0.402,0.366,0.232
2002-04-25,0.367,0.4,0.233
2002-05-02,0.27,0.396,0.333
2002-05-09,0.303,0.29,0.408
2002-05-16,0.368,0.349,0.283
2002-05-23,0.262,0.333,0.405
2002-05-29,0.283,0.315,0.402
2002-06-06,0.328,0.279,0.393
2002-06-13,0.318,0.346,0.336
2002-06-20,0.457,0.286,0.257
2002-06-27,0.31,0.23,0.46
2002-07-03,0.266,0.266,0.469
2002-07-11,0.351,0.227,0.423
2002-07-18,0.263,0.2,0.538
2002-07-25,0.279,0.233,0.488
2002-08-01,0.342,0.342,0.316
2002-08-08,0.377,0.23,0.393
2002-08-15,0.379,0.207,0.414
2002-08-22,0.438,0.167,0.396
2002-08-29,0.5,0.21,0.29
2002-09-05,0.315,0.185,0.5
2002-09-12,0.384,0.247,0.37
2002-09-19,0.338,0.23,0.432
2002-09-26,0.245,0.284,0.471
2002-10-03,0.352,0.169,0.479
2002-10-10,0.289,0.164,0.548
2002-10-17,0.395,0.211,0.395
2002-10-24,0.446,0.217,0.337
2002-10-31,0.515,0.206,0.279
2002-11-07,0.5,0.237,0.263
2002-11-14,0.487,0.189,0.324
2002-11-21,0.506,0.281,0.214
2002-11-28,0.511,0.17,0.319
2002-12-05,0.529,0.294,0.177
2002-12-12,0.414,0.345,0.241
2002-12-19,0.429,0.271,0.3
2002-12-26,0.4,0.28,0.32
2003-01-02,0.324,0.297,0.378
2003-01-09,0.381,0.191,0.429
2003-01-16,0.292,0.417,0.292
2003-01-23,0.25,0.318,0.432
2003-01-30,0.255,0.266,0.479
2003-02-06,0.229,0.514,0.257
2003-02-13,0.219,0.4,0.381
2003-02-20,0.211,0.211,0.579
2003-02-27,0.26,0.268,0.472
2003-03-06,0.333,0.273,0.394
2003-03-13,0.343,0.143,0.514
2003-03-20,0.429,0.191,0.381
2003-03-27,0.394,0.279,0.327
2003-04-03,0.324,0.294,0.382
2003-04-10,0.385,0.308,0.308
2003-04-17,0.463,0.222,0.315
2003-04-24,0.63,0.18,0.19
2003-05-01,0.486,0.257,0.257
2003-05-08,0.528,0.288,0.184
2003-05-15,0.628,0.209,0.163
2003-05-22,0.385,0.26,0.356
2003-05-29,0.629,0.229,0.143
2003-06-05,0.52,0.288,0.192
2003-06-12,0.5,0.208,0.292
2003-06-19,0.564,0.077,0.359
2003-06-26,0.714,0.2,0.086
2003-07-03,0.412,0.235,0.353
2003-07-10,0.432,0.257,0.311
2003-07-17,0.513,0.202,0.286
2003-07-24,0.52,0.173,0.307
2003-07-31,0.515,0.323,0.162
2003-08-07,0.455,0.221,0.325
2003-08-14,0.506,0.258,0.236
2003-08-21,0.63,0.185,0.185
2003-08-28,0.567,0.206,0.227
2003-09-04,0.623,0.213,0.164
2003-09-11,0.581,0.244,0.174
2003-09-18,0.628,0.177,0.196
2003-09-25,0.573,0.204,0.223
2003-10-02,0.5,0.214,0.286
2003-10-09,0.576,0.192,0.232
2003-10-16,0.603,0.259,0.138
2003-10-23,0.528,0.306,0.167
2003-10-30,0.578,0.234,0.188
2003-11-06,0.576,0.258,0.167
2003-11-13,0.533,0.322,0.144
2003-11-20,0.532,0.258,0.21
2003-11-27,0.604,0.189,0.208
2003-12-04,0.694,0.162,0.144
2003-12-11,0.553,0.237,0.211
2003-12-18,0.602,0.204,0.194
2003-12-26,0.655,0.172,0.172
2004-01-01,0.624,0.241,0.135
2004-01-08,0.672,0.149,0.179
2004-01-15,0.663,0.236,0.101
2004-01-22,0.695,0.171,0.134
2004-01-29,0.569,0.281,0.15
2004-02-05,0.509,0.273,0.218
2004-02-12,0.561,0.293,0.146
2004-02-19,0.565,0.226,0.21
2004-02-26,0.416,0.279,0.305
2004-03-04,0.478,0.391,0.13
2004-03-11,0.413,0.252,0.336
2004-03-18,0.386,0.351,0.263
2004-03-25,0.315,0.259,0.426
2004-04-01,0.552,0.224,0.224
2004-04-08,0.588,0.21,0.203
2004-04-15,0.638,0.225,0.138
2004-04-22,0.5,0.275,0.225
2004-04-29,0.5,0.288,0.212
2004-05-06,0.39,0.339,0.271
2004-05-13,0.329,0.237,0.434
2004-05-20,0.367,0.233,0.4
2004-05-27,0.361,0.236,0.403
2004-06-03,0.333,0.405,0.262
2004-06-10,0.553,0.29,0.158
2004-06-17,0.414,0.305,0.281
2004-06-24,0.564,0.205,0.231
2004-07-01,0.57,0.273,0.158
2004-07-08,0.551,0.235,0.214
2004-07-15,0.474,0.29,0.237
2004-07-22,0.357,0.405,0.238
2004-07-29,0.34,0.3,0.36
2004-08-05,0.31,0.352,0.338
2004-08-12,0.386,0.214,0.4
2004-08-19,0.349,0.302,0.349
2004-08-26,0.415,0.331,0.254
2004-09-02,0.415,0.302,0.283
2004-09-09,0.505,0.257,0.238
2004-09-16,0.455,0.227,0.318
2004-09-23,0.512,0.22,0.268
2004-09-30,0.411,0.196,0.393
2004-10-07,0.569,0.234,0.197
2004-10-14,0.447,0.271,0.282
2004-10-21,0.425,0.288,0.288
2004-10-28,0.423,0.26,0.317
2004-11-04,0.571,0.2,0.229
2004-11-11,0.625,0.159,0.216
2004-11-18,0.641,0.135,0.224
2004-11-24,0.495,0.237,0.268
2004-12-02,0.568,0.178,0.254
2004-12-09,0.514,0.234,0.252
2004-12-16,0.525,0.283,0.192
2004-12-23,0.602,0.216,0.182
2004-12-30,0.577,0.248,0.175
2005-01-06,0.381,0.274,0.345
2005-01-13,0.34,0.261,0.399
2005-01-20,0.337,0.327,0.337
2005-01-27,0.264,0.371,0.364
2005-02-03,0.417,0.333,0.25
2005-02-10,0.438,0.333,0.229
2005-02-17,0.364,0.338,0.299
2005-02-24,0.318,0.364,0.318
2005-03-03,0.395,0.333,0.272
2005-03-10,0.497,0.255,0.248
2005-03-17,0.325,0.351,0.325
2005-03-24,0.232,0.348,0.419
2005-03-31,0.284,0.206,0.51
2005-04-07,0.277,0.284,0.439
2005-04-14,0.165,0.418,0.418
2005-04-21,0.368,0.303,0.329
2005-04-28,0.298,0.355,0.347
2005-05-05,0.286,0.265,0.449
2005-05-12,0.305,0.331,0.364
2005-05-19,0.3892,0.3243,0.2865
2005-05-26,0.4414,0.3243,0.2342
2005-06-02,0.4861,0.3194,0.1944
2005-06-09,0.4598,0.3448,0.1954
2005-06-16,0.4805,0.3312,0.1883
2005-06-23,0.4659,0.3523,0.1818
2005-06-30,0.4589,0.2466,0.2945
2005-07-07,0.4301,0.3656,0.2043
2005-07-14,0.5789,0.2807,0.1404
2005-07-21,0.4118,0.3137,0.2745
2005-07-28,0.5752,0.2484,0.1765
2005-08-04,0.4783,0.2609,0.2609
2005-08-11,0.3974,0.3141,0.2885
2005-08-18,0.2929,0.303,0.404
2005-08-25,0.3614,0.3253,0.3133
2005-09-01,0.3176,0.3059,0.3765
2005-09-08,0.4231,0.25,0.3269
2005-09-15,0.5143,0.2,0.2857
2005-09-22,0.3947,0.2807,0.3246
2005-09-29,0.3188,0.2899,0.3913
2005-10-06,0.5,0.2258,0.2742
2005-10-13,0.3896,0.1299,0.4805
2005-10-20,0.4311,0.2096,0.3593
2005-10-27,0.3205,0.2179,0.4615
2005-11-03,0.4295,0.2949,0.2756
2005-11-10,0.5862,0.1839,0.2299
2005-11-17,0.5363,0.2458,0.2179
2005-11-24,0.5733,0.2667,0.16
2005-12-01,0.5247,0.2407,0.2346
2005-12-08,0.4947,0.3158,0.1895
2005-12-15,0.4615,0.3173,0.2212
2005-12-22,0.4103,0.3077,0.2821
2005-12-29,0.373,0.2619,0.3651
2006-01-05,0.2935,0.3043,0.4022
2006-01-12,0.5896,0.2197,0.1908
2006-01-19,0.5,0.2417,0.2583
2006-01-26,0.3077,0.359,0.3333
2006-02-02,0.447,0.2197,0.3333
2006-02-09,0.4019,0.2523,0.3458
2006-02-16,0.4018,0.2411,0.3571
2006-02-23,0.4321,0.284,0.284
2006-03-02,0.4094,0.2992,0.2913
2006-03-09,0.4121,0.2802,0.3077
2006-03-16,0.4655,0.2069,0.3276
2006-03-23,0.4375,0.2875,0.275
2006-03-30,0.3721,0.3023,0.3256
2006-04-06,0.4767,0.2907,0.2326
2006-04-13,0.4536,0.268,0.2784
2006-04-20,0.3373,0.2544,0.4083
2006-04-27,0.4211,0.2193,0.3596
2006-05-04,0.4589,0.2055,0.3356
2006-05-11,0.549,0.1765,0.2745
2006-05-18,0.3939,0.1697,0.4364
2006-05-25,0.3304,0.2143,0.4554
2006-06-01,0.3077,0.1923,0.5
2006-06-08,0.2623,0.2869,0.4508
2006-06-15,0.2641,0.1861,0.5498
2006-06-22,0.344,0.24,0.416
2006-06-29,0.386,0.2164,0.3977
2006-07-06,0.377,0.1967,0.4262
2006-07-13,0.365,0.2409,0.3942
2006-07-20,0.2385,0.1835,0.578
2006-07-27,0.3488,0.2209,0.4302
2006-08-03,0.3146,0.2135,0.4719
2006-08-10,0.3659,0.2195,0.4146
2006-08-17,0.3053,0.3368,0.3579
2006-08-24,0.3935,0.2323,0.3742
2006-08-31,0.4157,0.3258,0.2584
2006-09-07,0.4299,0.271,0.2991
2006-09-14,0.4795,0.137,0.3836
2006-09-21,0.4775,0.1802,0.3423
2006-09-28,0.5132,0.1579,0.3289
2006-10-05,0.3778,0.1556,0.4667
2006-10-12,0.4898,0.1327,0.3776
2006-10-19,0.542,0.1603,0.2977
2006-10-26,0.5217,0.1739,0.3043
2006-11-02,0.4375,0.1938,0.3688
2006-11-09,0.506,0.2289,0.2651
2006-11-16,0.4656,0.229,0.3053
2006-11-23,0.4194,0.1613,0.4194
2006-11-30,0.4022,0.1229,0.4749
2006-12-07,0.3894,0.1947,0.4159
2006-12-14,0.4133,0.2067,0.38
2006-12-21,0.3908,0.1839,0.4253
2006-12-28,0.46,0.18,0.36
2007-01-04,0.4914,0.2155,0.2931
2007-01-11,0.4444,0.213,0.3426
2007-01-18,0.5778,0.1515,0.2727
2007-01-25,0.3951,0.2716,0.3333
2007-02-01,0.4632,0.2316,0.3053
2007-02-08,0.4615,0.2385,0.3
2007-02-15,0.4757,0.2136,0.3107
2007-02-22,0.5385,0.2385,0.2231
2007-03-01,0.3663,0.2376,0.396
2007-03-08,0.358,0.1932,0.4489
2007-03-15,0.3299,0.2165,0.4536
2007-03-22,0.4388,0.2302,0.3309
2007-03-29,0.4268,0.3171,0.2561
2007-04-05,0.3226,0.2796,0.3978
2007-04-12,0.4085,0.2113,0.3803
2007-04-19,0.4694,0.2347,0.2959
2007-04-26,0.3924,0.2278,0.3797
2007-05-03,0.2857,0.1714,0.5429
2007-05-10,0.4286,0.1429,0.4286
2007-05-17,0.3839,0.25,0.3661
2007-05-24,0.3735,0.241,0.3855
2007-05-31,0.3333,0.2188,0.4479
2007-06-07,0.4059,0.1683,0.4257
2007-06-14,0.373,0.1905,0.4365
2007-06-21,0.4316,0.2316,0.3368
2007-06-28,0.3902,0.252,0.3577
2007-07-05,0.4384,0.2329,0.3288
2007-07-12,0.4364,0.2636,0.3
2007-07-19,0.4177,0.2152,0.3671
2007-07-26,0.4421,0.1895,0.3684
2007-08-02,0.4588,0.1412,0.4
2007-08-09,0.4576,0.1525,0.3898
2007-08-16,0.4222,0.1222,0.4556
2007-08-23,0.4128,0.156,0.4312
2007-08-30,0.403,0.1343,0.4627
2007-09-06,0.3838,0.1919,0.4242
2007-09-13,0.4,0.2471,0.3529
2007-09-20,0.3924,0.2911,0.3165
2007-09-27,0.4937,0.1646,0.3418
2007-10-04,0.5181,0.2289,0.253
2007-10-11,0.5464,0.1959,0.2577
2007-10-18,0.4196,0.2232,0.3571
2007-10-25,0.3125,0.2054,0.4821
2007-11-01,0.4471,0.1882,0.3647
2007-11-08,0.3619,0.1238,0.5143
2007-11-15,0.3301,0.1748,0.4951
2007-11-22,0.2558,0.2171,0.5271
2007-11-29,0.2857,0.1531,0.5612
2007-12-06,0.4065,0.1951,0.3984
2007-12-13,0.4762,0.1667,0.3571
2007-12-20,0.3585,0.1698,0.4717
2007-12-27,0.3,0.2,0.5
2008-01-03,0.2571,0.1905,0.5524
2008-01-10,0.1963,0.215,0.5888
2008-01-17,0.243,0.213,0.5444
2008-01-24,0.2514,0.1585,0.5902
2008-01-31,0.3008,0.2105,0.4887
2008-02-07,0.3411,0.1869,0.472
2008-02-14,0.3333,0.2481,0.4186
2008-02-21,0.3318,0.2212,0.447
2008-02-28,0.3431,0.2044,0.4526
2008-03-06,0.2198,0.2637,0.5165
2008-03-13,0.2042,0.2042,0.5915
2008-03-20,0.2521,0.2051,0.5427
2008-03-27,0.416,0.248,0.336
2008-04-03,0.367,0.2394,0.3936
2008-04-10,0.4576,0.1695,0.3729
2008-04-17,0.3037,0.2094,0.4869
2008-04-24,0.4667,0.2583,0.275
2008-05-01,0.5329,0.2039,0.2632
2008-05-08,0.5281,0.2247,0.2472
2008-05-15,0.4516,0.2516,0.2968
2008-05-22,0.463,0.1944,0.3426
2008-05-29,0.3136,0.2288,0.4576
2008-06-05,0.4348,0.1848,0.3804
2008-06-12,0.3125,0.1518,0.5357
2008-06-19,0.3298,0.2128,0.4574
2008-06-26,0.3125,0.1648,0.5227
2008-07-03,0.2393,0.2393,0.5214
2008-07-10,0.2217,0.2266,0.5517
2008-07-17,0.25,0.1686,0.5814
2008-07-24,0.3582,0.2014,0.4403
2008-07-31,0.4,0.1882,0.4118
2008-08-07,0.3561,0.2197,0.4242
2008-08-14,0.4286,0.1818,0.3896
2008-08-21,0.381,0.246,0.373
2008-08-28,0.3068,0.2386,0.4545
2008-09-04,0.3704,0.1975,0.4321
2008-09-11,0.2927,0.1585,0.5488
2008-09-18,0.2721,0.1837,0.5442
2008-09-25,0.3404,0.2021,0.4574
2008-10-02,0.3333,0.1167,0.55
2008-10-09,0.3147,0.0769,0.6084
2008-10-16,0.4094,0.193,0.3977
2008-10-23,0.3874,0.2252,0.3874
2008-10-30,0.3714,0.2229,0.4057
2008-11-06,0.4483,0.2184,0.3333
2008-11-13,0.3833,0.1917,0.425
2008-11-20,0.2437,0.1849,0.5714
2008-11-27,0.3125,0.2386,0.4489
2008-12-04,0.2667,0.2556,0.4778
2008-12-11,0.375,0.2266,0.3984
2008-12-18,0.3973,0.2466,0.3562
2008-12-25,0.2895,0.2719,0.4386
2009-01-01,0.24,0.2133,0.5467
2009-01-08,0.487,0.1623,0.3506
2009-01-15,0.2763,0.25,0.4737
2009-01-22,0.2721,0.2647,0.4632
2009-01-29,0.2527,0.2747,0.4725
2009-02-05,0.2463,0.3134,0.4403
2009-02-12,0.3291,0.2785,0.3924
2009-02-19,0.2164,0.2164,0.5672
2009-02-26,0.243,0.2056,0.5514
2009-03-05,0.1892,0.1081,0.7027
2009-03-12,0.2764,0.1789,0.5447
2009-03-19,0.4506,0.1667,0.3827
2009-03-26,0.3913,0.1848,0.4239
2009-04-02,0.4266,0.2028,0.3706
2009-04-09,0.3571,0.2,0.4429
2009-04-16,0.4414,0.2,0.3586
2009-04-23,0.3182,0.2955,0.3864
2009-04-30,0.3609,0.203,0.4361
2009-05-07,0.4409,0.2258,0.3333
2009-05-14,0.4381,0.2095,0.3524
2009-05-21,0.3372,0.2093,0.4535
2009-05-28,0.4037,0.1101,0.4862
2009-06-04,0.4756,0.1585,0.3659
2009-06-11,0.3925,0.215,0.3925
2009-06-18,0.3333,0.2024,0.4643
2009-06-25,0.28,0.232,0.488
2009-07-02,0.3784,0.1757,0.4459
2009-07-09,0.2791,0.1744,0.5465
2009-07-16,0.2868,0.2426,0.4706
2009-07-23,0.376,0.2,0.424
2009-07-30,0.4767,0.2093,0.314
2009-08-06,0.5,0.1484,0.3516
2009-08-13,0.51,0.16,0.33
2009-08-20,0.3407,0.2593,0.4
2009-08-27,0.3398,0.1748,0.4854
2009-09-03,0.3797,0.2405,0.3797
2009-09-10,0.3733,0.1867,0.44
2009-09-17,0.4214,0.1786,0.4
2009-09-24,0.3909,0.1636,0.4455
2009-10-01,0.4355,0.2097,0.3548
2009-10-08,0.3509,0.2368,0.4123
2009-10-15,0.473,0.1892,0.3378
2009-10-22,0.4048,0.2381,0.3571
2009-10-29,0.3365,0.2404,0.4231
2009-11-05,0.2222,0.2222,0.5556
2009-11-12,0.386,0.228,0.386
2009-11-19,0.4273,0.2545,0.3182
2009-11-26,0.4166,0.1666,0.4166
2009-12-03,0.4158,0.2475,0.3366
2009-12-10,0.4268,0.2195,0.3537
2009-12-17,0.4211,0.2947,0.2842
2009-12-24,0.3768,0.2464,0.3768
2009-12-31,0.4918,0.2787,0.2295
2010-01-07,0.41,0.33,0.26
2010-01-14,0.4744,0.2564,0.2692
2010-01-21,0.4,0.2526,0.3474
2010-01-28,0.35,0.2833,0.3667
2010-02-04,0.2923,0.2769,0.4308
2010-02-11,0.3675,0.2137,0.4188
2010-02-18,0.3585,0.2893,0.3522
2010-02-25,0.3489,0.3557,0.2953
2010-03-04,0.3586,0.3793,0.2621
2010-03-11,0.4529,0.2941,0.2529
2010-03-18,0.3537,0.3476,0.2988
2010-03-25,0.3239,0.3295,0.3466
2010-04-01,0.413,0.2754,0.3116
2010-04-08,0.4286,0.2679,0.3036
2010-04-15,0.4848,0.2182,0.297
2010-04-22,0.3812,0.2762,0.3425
2010-04-29,0.4136,0.3,0.2864
2010-05-06,0.3913,0.323,0.2857
2010-05-13,0.366,0.268,0.366
2010-05-20,0.413,0.25,0.337
2010-05-27,0.2983,0.193,0.5088
2010-06-03,0.3709,0.2207,0.4085
2010-06-10,0.3448,0.2241,0.431
2010-06-17,0.4245,0.2689,0.3066
2010-06-24,0.3446,0.3311,0.3243
2010-07-01,0.2468,0.3333,0.4199
2010-07-08,0.2094,0.2199,0.5707
2010-07-15,0.3937,0.2284,0.378
2010-07-22,0.3216,0.2281,0.4503
2010-07-29,0.4,0.2667,0.3333
2010-08-05,0.3039,0.3137,0.3824
2010-08-12,0.3976,0.3012,0.3012
2010-08-19,0.3011,0.2742,0.4247
2010-08-26,0.2074,0.2979,0.4947
2010-09-02,0.308,0.27,0.4221
2010-09-09,0.4387,0.2451,0.3161
2010-09-16,0.5089,0.2485,0.2426
2010-09-23,0.4497,0.2963,0.254
2010-09-30,0.4253,0.2586,0.3161
2010-10-07,0.4903,0.2323,0.2774
2010-10-14,0.471,0.2609,0.2681
2010-10-21,0.4962,0.2519,0.2519
2010-10-28,0.5123,0.2716,0.216
2010-11-04,0.4823,0.2199,0.2979
2010-11-11,0.5756,0.1395,0.2849
2010-11-18,0.4,0.275,0.325
2010-11-25,0.474,0.2792,0.2468
2010-12-02,0.4966,0.2414,0.2621
2010-12-09,0.5305,0.2439,0.2256
2010-12-16,0.5023,0.2262,0.2715
2010-12-23,0.6328,0.2031,0.164
2010-12-30,0.5161,0.2834,0.2005
2011-01-06,0.5588,0.2586,0.1825
2011-01-13,0.5234,0.2422,0.2344
2011-01-20,0.5075,0.2015,0.291
2011-01-27,0.4204,0.2367,0.3429
2011-02-03,0.5154,0.2159,0.2687
2011-02-10,0.494,0.2369,0.2691
2011-02-17,0.4658,0.2785,0.2557
2011-02-24,0.3663,0.2723,0.3614
2011-03-03,0.3679,0.3005,0.3316
2011-03-10,0.3597,0.3171,0.3232
2011-03-17,0.2849,0.3139,0.4012
2011-03-24,0.3774,0.2727,0.3497
2011-03-31,0.4181,0.2712,0.3107
2011-04-07,0.4359,0.2756,0.2885
2011-04-14,0.4225,0.2676,0.3099
2011-04-21,0.3216,0.3684,0.3099
2011-04-28,0.379,0.3145,0.3065
2011-05-05,0.3546,0.3267,0.3187
2011-05-12,0.3077,0.3373,0.355
2011-05-19,0.2669,0.3202,0.4129
2011-05-26,0.2561,0.3297,0.4142
2011-06-02,0.3018,0.3639,0.3343
2011-06-09,0.2442,0.2791,0.4767
2011-06-16,0.29,0.2825,0.4275
2011-06-23,0.3746,0.268,0.3574
2011-06-30,0.3831,0.3149,0.3019
2011-07-07,0.4177,0.3354,0.2468
2011-07-14,0.3931,0.3145,0.2925
2011-07-21,0.3986,0.2954,0.3061
2011-07-28,0.3784,0.3074,0.3142
2011-08-04,0.2716,0.2299,0.4985
2011-08-11,0.3343,0.2179,0.4478
2011-08-18,0.3556,0.2462,0.3982
2011-08-25,0.3644,0.226,0.4096
2011-09-01,0.3862,0.2904,0.3234
2011-09-08,0.3022,0.295,0.4029
2011-09-15,0.305,0.2815,0.4135
2011-09-22,0.2533,0.2667,0.48
2011-09-29,0.3251,0.2068,0.4679
2011-10-06,0.3523,0.1904,0.4571
2011-10-13,0.3977,0.2386,0.3636
2011-10-20,0.3598,0.2941,0.346
2011-10-27,0.43,0.32,0.25
2011-11-03,0.4018,0.302,0.2962
2011-11-10,0.4473,0.307,0.2456
2011-11-17,0.4193,0.2701,0.3104
2011-11-24,0.3271,0.2901,0.3827
2011-12-01,0.3304,0.2753,0.3942
2011-12-08,0.3857,0.2666,0.3476
2011-12-15,0.4018,0.2616,0.3364
2011-12-22,0.3373,0.3804,0.2824
2011-12-29,0.406,0.2857,0.3083
2012-01-05,0.4888,0.3395,0.1716
2012-01-12,0.4914,0.3368,0.1718
2012-01-19,0.4723,0.2915,0.2361
2012-01-26,0.484,0.3269,0.1891
2012-02-02,0.4381,0.3112,0.2508
2012-02-09,0.5164,0.2817,0.2019
2012-02-16,0.4271,0.3065,0.2663
2012-02-23,0.4369,0.288,0.2751
2012-03-01,0.4451,0.2866,0.2683
2012-03-08,0.4238,0.2862,0.29
2012-03-15,0.4561,0.272,0.272
2012-03-22,0.4238,0.298,0.2781
2012-03-29,0.4247,0.3205,0.2548
2012-04-05,0.3817,0.3402,0.278
2012-04-12,0.2814,0.303,0.4156
2012-04-19,0.3118,0.3498,0.3384
2012-04-26,0.2764,0.3496,0.374
2012-05-03,0.354,0.3613,0.2847
2012-05-10,0.254,0.3254,0.4206
2012-05-17,0.2358,0.3045,0.4597
2012-05-24,0.3047,0.3086,0.3867
2012-05-31,0.2802,0.2996,0.4202
2012-06-07,0.2745,0.268,0.4575
2012-06-14,0.3404,0.3018,0.3579
2012-06-21,0.3289,0.3123,0.3588
2012-06-28,0.2867,0.2696,0.4437
2012-07-05,0.3264,0.3403,0.3333
2012-07-12,0.3023,0.3505,0.3473
2012-07-19,0.2219,0.3602,0.4179
2012-07-26,0.2812,0.2875,0.4313
2012-08-02,0.3045,0.3463,0.3493
2012-08-09,0.3647,0.3618,0.2735
2012-08-16,0.3684,0.3509,0.2807
2012-08-23,0.4196,0.3217,0.2587
2012-08-30,0.3472,0.3264,0.3264
2012-09-06,0.3306,0.3388,0.3306
2012-09-13,0.3646,0.3056,0.3299
2012-09-20,0.375,0.2872,0.3378
2012-09-27,0.361,0.2744,0.3646
2012-10-04,0.3386,0.3291,0.3323
2012-10-11,0.3058,0.3058,0.3885
2012-10-18,0.2866,0.2679,0.4455
2012-10-25,0.2925,0.2767,0.4308
2012-11-01,0.3574,0.2328,0.4098
2012-11-08,0.385,0.216,0.3991
2012-11-15,0.2882,0.2235,0.4882
2012-11-22,0.3582,0.234,0.4078
2012-11-28,0.4093,0.2471,0.3436
2012-12-06,0.4222,0.2317,0.346
2012-12-13,0.4323,0.2669,0.3008
2012-12-20,0.464,0.288,0.248
2012-12-27,0.444,0.2537,0.3022
2013-01-03,0.3871,0.2509,0.362
2013-01-10,0.4645,0.2663,0.2692
2013-01-17,0.4394,0.2873,0.2732
2013-01-24,0.5234,0.2339,0.2427
2013-01-31,0.4804,0.2765,0.243
2013-02-07,0.4277,0.2767,0.2956
2013-02-14,0.4225,0.2901,0.2873
2013-02-21,0.4179,0.2571,0.325
2013-02-28,0.2839,0.3502,0.3659
2013-03-07,0.3106,0.3043,0.3851
2013-03-14,0.4542,0.2255,0.3203
2013-03-21,0.3894,0.2772,0.3333
2013-03-28,0.384,0.3295,0.2865
2013-04-04,0.3549,0.3634,0.2817
2013-04-11,0.1931,0.2621,0.5448
2013-04-18,0.2685,0.2493,0.4822
2013-04-25,0.2829,0.3289,0.3882
2013-05-02,0.3099,0.331,0.3592
2013-05-09,0.4079,0.3177,0.2744
2013-05-16,0.3849,0.3218,0.2934
2013-05-23,0.4897,0.2945,0.2158
2013-05-30,0.3597,0.3439,0.2964
2013-06-06,0.2947,0.3158,0.3895
2013-06-13,0.3297,0.3243,0.3459
2013-06-20,0.3745,0.3258,0.2996
2013-06-27,0.3028,0.3456,0.3517
2013-07-04,0.4199,0.3416,0.2384
2013-07-11,0.4894,0.3277,0.183
2013-07-18,0.4774,0.3101,0.2125
2013-07-25,0.4512,0.3232,0.2256
2013-08-01,0.3562,0.3938,0.25
2013-08-08,0.395,0.3386,0.2665
2013-08-15,0.3451,0.3732,0.2817
2013-08-22,0.2896,0.2819,0.4286
2013-08-29,0.3354,0.3571,0.3075
2013-09-05,0.3553,0.3322,0.3125
2013-09-12,0.4552,0.299,0.2458
2013-09-19,0.4511,0.2519,0.297
2013-09-26,0.3605,0.3333,0.3061
2013-10-03,0.3784,0.3209,0.3007
2013-10-10,0.4133,0.2509,0.3358
2013-10-17,0.4628,0.288,0.2492
2013-10-24,0.492,0.3323,0.1757
2013-10-31,0.4497,0.3356,0.2148
2013-11-07,0.4548,0.3271,0.2181
2013-11-14,0.392,0.3333,0.2747
2013-11-21,0.3439,0.3613,0.2948
2013-11-28,0.473,0.2444,0.2825
2013-12-05,0.4264,0.2981,0.2755
2013-12-12,0.4127,0.3373,0.25
2013-12-19,0.4746,0.2746,0.2508
2013-12-26,0.5506,0.264,0.1854
2014-01-02,0.4309,0.2764,0.2927
2014-01-09,0.4362,0.3138,0.25
2014-01-16,0.3899,0.3952,0.2149
2014-01-23,0.3812,0.3812,0.2376
2014-01-30,0.3218,0.3506,0.3276
2014-02-06,0.279,0.357,0.3641
2014-02-13,0.4015,0.3251,0.2734
2014-02-20,0.422,0.35,0.228
2014-02-27,0.3969,0.3918,0.2113
2014-03-06,0.4051,0.3286,0.2663
2014-03-13,0.4134,0.3184,0.2682
2014-03-20,0.3678,0.3707,0.2615
2014-03-27,0.3116,0.4023,0.2861
2014-04-03,0.3536,0.3786,0.2679
2014-04-10,0.2848,0.3742,0.3411
2014-04-17,0.2722,0.3853,0.3425
2014-04-24,0.345,0.3947,0.2602
2014-05-01,0.2977,0.4078,0.2945
2014-05-08,0.2834,0.4299,0.2866
2014-05-15,0.3312,0.4427,0.2261
2014-05-22,0.3043,0.4317,0.264
2014-05-29,0.3646,0.4033,0.232
2014-06-05,0.3951,0.3827,0.2222
2014-06-12,0.4469,0.3406,0.2125
2014-06-19,0.3517,0.407,0.2413
2014-06-26,0.3722,0.4169,0.2109
2014-07-03,0.3851,0.391,0.2239
2014-07-10,0.3764,0.3371,0.2865
2014-07-17,0.3236,0.3916,0.2848
2014-07-24,0.2963,0.4043,0.2994
2014-07-31,0.3112,0.3776,0.3112
2014-08-07,0.3089,0.3089,0.3823
2014-08-14,0.3981,0.3323,0.2696
2014-08-21,0.4611,0.3024,0.2365
2014-08-28,0.5192,0.2885,0.1923
2014-09-04,0.4467,0.3136,0.2396
2014-09-11,0.4038,0.3301,0.266
2014-09-18,0.4224,0.3478,0.2298
2014-09-25,0.4184,0.2993,0.2823
2014-10-02,0.3542,0.3368,0.309
2014-10-09,0.3988,0.2914,0.3098
2014-10-16,0.4266,0.2364,0.337
2014-10-23,0.4969,0.2781,0.225
2014-10-30,0.4937,0.2956,0.2107
2014-11-06,0.5269,0.3226,0.1505
2014-11-13,0.5793,0.2276,0.1931
2014-11-20,0.4912,0.2706,0.2382
2014-11-27,0.5215,0.2706,0.2079
2014-12-04,0.4268,0.3138,0.2594
2014-12-11,0.4502,0.3265,0.2234
2014-12-18,0.3874,0.3439,0.2688
2014-12-25,0.5094,0.3019,0.1887
2015-01-01,0.5174,0.2896,0.1931
2015-01-08,0.4101,0.313,0.277
2015-01-15,0.4611,0.324,0.215
2015-01-22,0.3714,0.3206,0.3079
2015-01-29,0.4417,0.3344,0.2239
2015-02-05,0.3549,0.3208,0.3242
2015-02-12,0.4,0.3967,0.2033
2015-02-19,0.4702,0.351,0.1788
2015-02-26,0.4537,0.3433,0.203
2015-03-05,0.398,0.3684,0.2336
2015-03-12,0.316,0.43,0.2541
2015-03-19,0.2716,0.4136,0.3148
2015-03-26,0.3843,0.3719,0.2438
2015-04-02,0.354,0.3265,0.3196
2015-04-09,0.287,0.4715,0.2415
2015-04-16,0.3207,0.4515,0.2278
2015-04-23,0.3147,0.4534,0.2319
2015-04-30,0.3084,0.4721,0.2195
2015-05-07,0.2706,0.461,0.2684
2015-05-14,0.2674,0.469,0.2636
2015-05-21,0.2521,0.4979,0.25
2015-05-28,0.27,0.4786,0.2514
2015-06-04,0.2734,0.4803,0.2463
2015-06-11,0.2004,0.4738,0.3258
2015-06-18,0.2541,0.4029,0.343
2015-06-25,0.3556,0.4278,0.2167
2015-07-02,0.2261,0.423,0.3509
2015-07-09,0.2791,0.4292,0.2918
2015-07-16,0.3081,0.4595,0.2324
2015-07-23,0.3254,0.4187,0.256
2015-07-30,0.2111,0.3819,0.407
2015-08-06,0.2432,0.4403,0.3166
2015-08-13,0.3045,0.334,0.3615
2015-08-20,0.2682,0.3985,0.3333
2015-08-27,0.325,0.2923,0.3827
2015-09-03,0.3238,0.3594,0.3167
2015-09-10,0.3465,0.3034,0.3501
2015-09-17,0.3326,0.376,0.2913
2015-09-24,0.3212,0.3919,0.2869
2015-10-01,0.2811,0.3198,0.3992
2015-10-08,0.3752,0.3429,0.2819
2015-10-15,0.3408,0.3878,0.2714
2015-10-22,0.3477,0.4121,0.2402
2015-10-29,0.4039,0.3902,0.2059
2015-11-05,0.39,0.424,0.186
2015-11-12,0.3427,0.4272,0.23
2015-11-19,0.3077,0.3868,0.3055
2015-11-26,0.3236,0.4161,0.2603
2015-12-03,0.2949,0.4931,0.212
2015-12-10,0.2851,0.4161,0.2989
2015-12-17,0.2387,0.3675,0.3938
2015-12-24,0.2638,0.4213,0.3149
2015-12-31,0.2507,0.5131,0.2362
2016-01-07,0.2217,0.3957,0.3826
2016-01-14,0.179,0.3658,0.4553
2016-01-21,0.2152,0.2977,0.4871
2016-01-28,0.2975,0.3028,0.3996
2016-02-04,0.2755,0.3774,0.3472
2016-02-11,0.1924,0.3206,0.487
2016-02-18,0.2756,0.3464,0.378
2016-02-25,0.3119,0.3739,0.3142
2016-03-03,0.3202,0.3874,0.2925
2016-03-10,0.3736,0.3827,0.2437
2016-03-17,0.2996,0.4318,0.2686
2016-03-24,0.3378,0.4251,0.2371
2016-03-31,0.2718,0.4706,0.2576
2016-04-07,0.3219,0.4635,0.2146
2016-04-14,0.2785,0.4726,0.2489
2016-04-21,0.3341,0.4267,0.2392
2016-04-28,0.2737,0.4403,0.286
2016-05-05,0.2233,0.4733,0.3034
2016-05-12,0.2041,0.483,0.3129
2016-05-19,0.1934,0.4656,0.341
2016-05-26,0.1775,0.5286,0.2939
2016-06-02,0.3017,0.4078,0.2905
2016-06-09,0.2783,0.4434,0.2783
2016-06-16,0.2535,0.3715,0.375
2016-06-23,0.2197,0.428,0.3523
2016-06-30,0.2891,0.3767,0.3342
2016-07-07,0.3106,0.4229,0.2665
2016-07-14,0.3687,0.3871,0.2442
2016-07-21,0.3543,0.3785,0.2672
2016-07-28,0.3125,0.4034,0.2841
2016-08-04,0.2979,0.4344,0.2677
2016-08-11,0.3129,0.4195,0.2676
2016-08-18,0.3556,0.3808,0.2636
2016-08-25,0.2942,0.4094,0.2964
2016-09-01,0.286,0.3987,0.3152
2016-09-08,0.2975,0.4177,0.2848
2016-09-15,0.2794,0.3614,0.3592
2016-09-22,0.2483,0.3689,0.3828
2016-09-29,0.24,0.3889,0.3711
2016-10-06,0.2879,0.433,0.279
2016-10-13,0.2547,0.408,0.3373
2016-10-20,0.2374,0.3845,0.3782
2016-10-27,0.2475,0.4118,0.3407
2016-11-03,0.2364,0.4205,0.3432
2016-11-10,0.3889,0.3178,0.2933
2016-11-17,0.4665,0.2677,0.2657
2016-11-24,0.4989,0.2803,0.2208
2016-12-01,0.4378,0.3112,0.251
2016-12-08,0.4312,0.3039,0.2649
2016-12-15,0.4466,0.2301,0.3233
2016-12-22,0.4461,0.2624,0.2915
2016-12-29,0.4557,0.2869,0.2574
2017-01-05,0.462,0.2857,0.2523
2017-01-12,0.4364,0.2939,0.2697
2017-01-19,0.3701,0.3032,0.3268
2017-01-26,0.3158,0.3493,0.3349
2017-02-02,0.328,0.3303,0.3417
2017-02-09,0.358,0.3654,0.2765
2017-02-16,0.3309,0.3455,0.3236
2017-02-23,0.3846,0.2923,0.3231
2017-03-02,0.3791,0.2647,0.3562
2017-03-09,0.3,0.235,0.465
2017-03-16,0.3117,0.3013,0.387
2017-03-23,0.3528,0.3422,0.305
2017-03-30,0.3022,0.324,0.3738
2017-04-06,0.283,0.3208,0.3962
2017-04-13,0.2897,0.3364,0.3738
2017-04-20,0.2571,0.3559,0.387
2017-04-27,0.3805,0.3024,0.3171
2017-05-04,0.3807,0.3198,0.2995
2017-05-11,0.3273,0.3705,0.3022
2017-05-18,0.2385,0.419,0.3425
2017-05-25,0.3286,0.3714,0.3
2017-06-01,0.2692,0.4154,0.3154
2017-06-08,0.3543,0.3504,0.2953
2017-06-15,0.3227,0.3825,0.2948
2017-06-22,0.3265,0.3844,0.2891
2017-06-29,0.2971,0.4343,0.2686
2017-07-06,0.2958,0.4056,0.2986
2017-07-13,0.2824,0.4213,0.2963
2017-07-20,0.3548,0.3871,0.2581
2017-07-27,0.3446,0.4122,0.2432
2017-08-03,0.3611,0.3179,0.321
2017-08-10,0.3367,0.34,0.3233
2017-08-17,0.3417,0.3303,0.328
2017-08-24,0.281,0.3361,0.3829
2017-08-31,0.25,0.3511,0.3989
2017-09-07,0.2928,0.3498,0.3574
2017-09-14,0.4129,0.3674,0.2197
2017-09-21,0.4014,0.3265,0.2721
2017-09-28,0.3333,0.3793,0.2874
2017-10-05,0.356,0.316,0.328
2017-10-12,0.3977,0.3333,0.269
2017-10-19,0.3793,0.3414,0.2793
2017-10-26,0.3964,0.2733,0.3303
2017-11-02,0.4505,0.2637,0.2857
2017-11-09,0.451,0.3182,0.2308
2017-11-16,0.2935,0.3543,0.3522
2017-11-23,0.3549,0.3549,0.2901
2017-11-30,0.3595,0.3243,0.3162
2017-12-07,0.3688,0.289,0.3422
2017-12-14,0.45,0.2688,0.2813
2017-12-21,0.505,0.2388,0.2562
2017-12-28,0.5265,0.2672,0.2063
2018-01-04,0.5975,0.2469,0.1556
2018-01-11,0.4867,0.2625,0.2507
2018-01-18,0.5411,0.245,0.2139
2018-01-25,0.4545,0.3052,0.2403
2018-02-01,0.4477,0.2647,0.2876
2018-02-08,0.3703,0.2796,0.3501
2018-02-15,0.4852,0.3007,0.2141
2018-02-22,0.4465,0.3256,0.2279
2018-03-01,0.3728,0.3931,0.2341
2018-03-08,0.264,0.4521,0.2838
2018-03-15,0.3684,0.4183,0.2133
2018-03-22,0.3323,0.3828,0.2849
2018-03-29,0.3194,0.3273,0.3533
2018-04-05,0.319,0.3147,0.3664
2018-04-12,0.2609,0.3116,0.4275
2018-04-19,0.3778,0.33,0.2922
2018-04-26,0.3691,0.3754,0.2555
2018-05-03,0.284,0.4136,0.3025
2018-05-10,0.3351,0.4096,0.2553
2018-05-17,0.3668,0.4274,0.2058
2018-05-24,0.3856,0.3627,0.2516
2018-05-31,0.3502,0.3863,0.2635
2018-06-07,0.3893,0.3435,0.2672
2018-06-14,0.4478,0.3352,0.217
2018-06-21,0.3872,0.351,0.2618
2018-06-28,0.2845,0.3075,0.408
2018-07-05,0.2786,0.3287,0.3928
2018-07-12,0.4305,0.278,0.2915
2018-07-19,0.3466,0.404,0.2494
2018-07-26,0.3152,0.4158,0.269
2018-08-02,0.2911,0.3881,0.3208
2018-08-09,0.3636,0.326,0.3103
2018-08-16,0.3617,0.3475,0.2908
2018-08-23,0.3846,0.3447,0.2707
2018-08-30,0.435,0.3211,0.2439
2018-09-06,0.4222,0.3148,0.263
2018-09-13,0.3209,0.3507,0.3284
2018-09-20,0.3204,0.3592,0.3204
2018-09-27,0.3622,0.3268,0.311
2018-10-04,0.4566,0.2922,0.2511
2018-10-11,0.3061,0.3394,0.3545
2018-10-18,0.3394,0.3105,0.3502
2018-10-25,0.2797,0.3103,0.41
2018-11-01,0.3793,0.2759,0.3448
2018-11-08,0.4128,0.2752,0.3119
2018-11-15,0.3509,0.2895,0.3596
2018-11-22,0.2525,0.2761,0.4714
2018-11-29,0.3388,0.2664,0.3947
2018-12-06,0.3794,0.3156,0.305
2018-12-13,0.209,0.3023,0.4887
2018-12-20,0.2486,0.2784,0.473
2018-12-27,0.3155,0.1815,0.503
2019-01-03,0.3302,0.2421,0.4277
2019-01-10,0.3846,0.3217,0.2937
2019-01-17,0.3353,0.3021,0.3625
2019-01-24,0.3766,0.3003,0.3232
2019-01-31,0.3176,0.3649,0.3176
2019-02-07,0.3987,0.3734,0.2278
2019-02-14,0.351,0.3982,0.2507
2019-02-21,0.3932,0.3529,0.2539
2019-02-28,0.4163,0.3837,0.2
2019-03-07,0.3739,0.3587,0.2675
2019-03-14,0.3242,0.3652,0.3106
2019-03-21,0.373,0.3929,0.2341
2019-03-28,0.332,0.396,0.272
2019-04-04,0.3502,0.3671,0.2827
2019-04-11,0.4029,0.3933,0.2038
2019-04-18,0.3756,0.4061,0.2183
2019-04-25,0.3352,0.4631,0.2017
2019-05-02,0.3902,0.3963,0.2134
2019-05-09,0.4312,0.337,0.2319
2019-05-16,0.2982,0.3088,0.393
2019-05-23,0.2471,0.3922,0.3608
2019-05-30,0.2479,0.3512,0.4008
2019-06-06,0.2253,0.3489,0.4258
2019-06-13,0.2684,0.3896,0.342
2019-06-20,0.2951,0.3836,0.3213
2019-06-27,0.2959,0.3836,0.3205
2019-07-03,0.3316,0.3449,0.3235
2019-07-11,0.3361,0.3889,0.275
2019-07-18,0.3593,0.3543,0.2864
2019-07-25,0.3174,0.3624,0.3202
2019-08-01,0.3844,0.375,0.2406
2019-08-08,0.2166,0.3015,0.482
2019-08-15,0.2318,0.3197,0.4485
2019-08-22,0.2664,0.3364,0.3972
2019-08-29,0.2613,0.3166,0.4221
2019-09-05,0.2864,0.3185,0.3951
2019-09-12,0.3313,0.3563,0.3125
2019-09-19,0.3534,0.3684,0.2782
2019-09-26,0.2937,0.3737,0.3326
2019-10-03,0.2137,0.3919,0.3944
2019-10-10,0.2031,0.3573,0.4396
2019-10-17,0.3362,0.3533,0.3105
2019-10-24,0.356,0.3613,0.2827
2019-10-31,0.3398,0.3759,0.2843
2019-11-07,0.403,0.3577,0.2393
2019-11-14,0.4072,0.3446,0.2482
2019-11-21,0.3424,0.3672,0.2903
2019-11-29,0.3364,0.3609,0.3028
2019-12-05,0.3172,0.3916,0.2913
2019-12-12,0.3763,0.3632,0.2605
2019-12-19,0.4409,0.3543,0.2047
2019-12-26,0.4189,0.3658,0.2153
2020-01-02,0.3722,0.4091,0.2188
2020-01-09,0.3307,0.3704,0.2989
2020-01-16,0.4183,0.3066,0.2751
2020-01-23,0.456,0.2963,0.2477
2020-01-30,0.3198,0.3117,0.3686
2020-02-06,0.3387,0.3091,0.3522
2020-02-13,0.4133,0.3227,0.264
2020-02-20,0.4056,0.3077,0.2867
2020-02-27,0.3043,0.3043,0.3913
2020-03-05,0.3874,0.2162,0.3964
2020-03-12,0.2974,0.1895,0.5131
2020-03-19,0.3435,0.145,0.5115
2020-03-26,0.329,0.1503,0.5207
2020-04-02,0.3424,0.1603,0.4973
2020-04-09,0.366,0.1873,0.4467
2020-04-16,0.3486,0.2239,0.4275
2020-04-23,0.2486,0.2514,0.5
2020-04-30,0.306,0.2537,0.4403
2020-05-07,0.2367,0.2367,0.5266
2020-05-14,0.2331,0.2607,0.5061
2020-05-21,0.29,0.2597,0.4502
2020-05-28,0.3307,0.248,0.4213
2020-06-04,0.3455,0.2658,0.3887
2020-06-11,0.3428,0.2767,0.3805
2020-06-18,0.2437,0.2785,0.4778
2020-06-25,0.2414,0.2696,0.489
2020-07-02,0.2215,0.3196,0.4589
2020-07-09,0.2716,0.3017,0.4267
2020-07-16,0.3084,0.2379,0.4537
2020-07-23,0.2606,0.2711,0.4683
2020-07-30,0.2023,0.313,0.4847
2020-08-06,0.2329,0.2911,0.476
2020-08-13,0.3004,0.2784,0.4212
2020-08-20,0.3039,0.2721,0.424
2020-08-27,0.3208,0.283,0.3962
2020-09-03,0.308,0.2743,0.4177
2020-09-10,0.2371,0.2784,0.4845
2020-09-17,0.3202,0.2759,0.4039
2020-09-24,0.2489,0.2911,0.4599
2020-10-01,0.2624,0.3069,0.4307
2020-10-08,0.3474,0.2629,0.3897
2020-10-15,0.3478,0.2947,0.3575
2020-10-22,0.3575,0.3122,0.3303
2020-10-29,0.3529,0.2941,0.3529
2020-11-05,0.3796,0.3056,0.3148
2020-11-12,0.5584,0.1929,0.2487
2020-11-19,0.4435,0.2929,0.2636
2020-11-27,0.4725,0.2527,0.2747
2020-12-03,0.4907,0.2825,0.2268
2020-12-10,0.4806,0.2509,0.2686
2020-12-17,0.4343,0.3028,0.2629
2020-12-24,0.4357,0.3444,0.2199
2020-12-31,0.4608,0.2712,0.268
2021-01-07,0.4519,0.2308,0.3173
2021-01-21,0.4255,0.2298,0.3447
2021-01-28,0.3766,0.2403,0.3831
2021-02-04,0.3735,0.2706,0.3559
2021-02-11,0.4545,0.2828,0.2626
2021-02-18,0.4706,0.2755,0.2539
2021-02-25,0.4593,0.3029,0.2378
2021-03-04,0.4026,0.3442,0.2532
2021-03-11,0.4941,0.2706,0.2353
2021-03-18,0.4894,0.2746,0.2359
2021-03-25,0.5095,0.2848,0.2057
2021-04-01,0.4583,0.3095,0.2321
2021-04-08,0.5691,0.227,0.2039
2021-04-15,0.5382,0.2159,0.2458
2021-04-22,0.5268,0.2681,0.205
2021-04-29,0.4257,0.3176,0.2568
2021-05-06,0.4431,0.3255,0.2314
2021-05-13,0.3652,0.3652,0.2696
2021-05-20,0.3703,0.3671,0.2627
2021-05-27,0.3643,0.3714,0.2643
2021-06-03,0.4407,0.3617,0.1976
2021-06-10,0.4023,0.391,0.2068
2021-06-17,0.4112,0.3271,0.2617
2021-06-24,0.4042,0.3625,0.2333
2021-07-01,0.4865,0.2919,0.2216
2021-07-08,0.402,0.3529,0.2451
2021-07-15,0.3617,0.3702,0.2681
2021-07-22,0.3065,0.3871,0.3065
2021-07-29,0.3616,0.3973,0.2411
2021-08-05,0.3607,0.3224,0.3169
2021-08-12,0.3697,0.3151,0.3151
2021-08-19,0.3317,0.3173,0.351
2021-08-26,0.3956,0.2747,0.3297
2021-09-02,0.4343,0.2323,0.3333
2021-09-09,0.3889,0.3389,0.2722
2021-09-16,0.2245,0.3827,0.3929
2021-09-23,0.299,0.3093,0.3918
2021-09-30,0.2814,0.3114,0.4072
2021-10-07,0.2547,0.3774,0.3679
2021-10-14,0.3791,0.3033,0.3175
2021-10-21,0.4689,0.2536,0.2775
2021-10-27,0.3983,0.3074,0.2944
2021-11-04,0.415,0.325,0.26
2021-11-11,0.48,0.28,0.24
2021-11-18,0.3884,0.3393,0.2723
2021-11-24,0.3381,0.3048,0.3571
2021-12-02,0.2667,0.3095,0.4238
2021-12-09,0.2972,0.3976,0.3052
2021-12-16,0.2524,0.3544,0.3932
2021-12-23,0.2957,0.3656,0.3387
2021-12-30,0.3766,0.318,0.3054
2022-01-06,0.3276,0.3391,0.3333
2022-01-13,0.2491,0.368,0.3829
2022-01-20,0.2096,0.3231,0.4672
2022-01-27,0.2314,0.2392,0.5294
2022-02-03,0.2649,0.2985,0.4366
2022-02-10,0.2436,0.4017,0.3547
2022-02-17,0.1925,0.3756,0.4319
2022-02-24,0.2339,0.2294,0.5367
2022-03-03,0.3039,0.2818,0.4144
2022-03-10,0.24,0.3022,0.4578
2022-03-17,0.2247,0.2775,0.4978
2022-03-24,0.328,0.3175,0.3545
2022-03-31,0.3188,0.4058,0.2754
2022-04-07,0.2471,0.3391,0.4138
2022-04-14,0.1584,0.3575,0.4842
2022-04-21,0.1887,0.3726,0.4387
2022-04-28,0.1644,0.242,0.5936
2022-05-05,0.2687,0.2026,0.5286
2022-05-12,0.2432,0.2664,0.4903
2022-05-19,0.2597,0.2364,0.5039
2022-05-26,0.1985,0.2665,0.535
2022-06-02,0.3202,0.3092,0.3706
2022-06-09,0.2102,0.321,0.4688
2022-06-16,0.1944,0.2222,0.5833
2022-06-23,0.182,0.2246,0.5934
2022-06-30,0.2278,0.3052,0.467
2022-07-07,0.1938,0.2781,0.5281
2022-07-14,0.2689,0.2659,0.4653
2022-07-21,0.2959,0.2822,0.4219
2022-07-28,0.2772,0.3218,0.401
2022-08-04,0.3056,0.3056,0.3889
2022-08-11,0.3215,0.3119,0.3666
2022-08-18,0.3333,0.2951,0.3715
2022-08-25,0.277,0.2992,0.4238
2022-09-01,0.2192,0.2767,0.5041
2022-09-08,0.1807,0.2866,0.5327
2022-09-15,0.2613,0.2787,0.4599
2022-09-22,0.1773,0.214,0.6087
2022-09-29,0.1995,0.1924,0.6081
2022-10-06,0.2392,0.2133,0.5476
2022-10-13,0.2036,0.2371,0.5593
2022-10-20,0.226,0.2119,0.5621
2022-10-27,0.2659,0.2775,0.4566
2022-11-03,0.3056,0.3654,0.3289
2022-11-10,0.2509,0.2787,0.4704
2022-11-17,0.3345,0.2633,0.4021
2022-11-24,0.2886,0.309,0.4023
2022-12-01,0.2447,0.3511,0.4043
2022-12-08,0.2473,0.3345,0.4182
2022-12-15,0.243,0.3108,0.4462
2022-12-22,0.2031,0.2738,0.5231
2022-12-29,0.2649,0.2589,0.4762
2023-01-05,0.2051,0.375,0.4199
2023-01-12,0.2403,0.3604,0.3993
2023-01-19,0.3097,0.3596,0.3307
2023-01-26,0.2837,0.3496,0.3668
2023-02-02,0.299,0.3555,0.3455
2023-02-09,0.375,0.375,0.25
2023-02-16,0.3412,0.3706,0.2882
2023-02-23,0.2165,0.3976,0.3859
2023-03-02,0.2338,0.3182,0.4481
2023-03-09,0.2483,0.3345,0.4172
2023-03-16,0.1922,0.3238,0.484
2023-03-23,0.2095,0.3017,0.4888
2023-03-30,0.2251,0.3187,0.4561
2023-04-06,0.3333,0.3165,0.3502
2023-04-13,0.2605,0.3946,0.3448
2023-04-20,0.2722,0.3766,0.3513
2023-04-27,0.2414,0.3736,0.3851
2023-05-04,0.2408,0.3102,0.449
2023-05-11,0.2939,0.2939,0.4122
2023-05-18,0.229,0.3737,0.3973
2023-05-25,0.2738,0.3292,0.3969
2023-06-01,0.2905,0.3412,0.3682
2023-06-08,0.4455,0.3115,0.243
2023-06-15,0.4518,0.3212,0.227
2023-06-22,0.4286,0.2939,0.2776
2023-06-29,0.4193,0.306,0.2747
2023-07-06,0.4639,0.2912,0.2448
2023-07-13,0.41,0.3314,0.2587
2023-07-20,0.5136,0.2715,0.2149
2023-07-27,0.4491,0.3098,0.2412
2023-08-03,0.4898,0.297,0.2132
2023-08-10,0.447,0.298,0.255
2023-08-17,0.3589,0.3397,0.3014
2023-08-24,0.3227,0.3181,0.3593
2023-08-31,0.3309,0.3237,0.3453
2023-09-07,0.4219,0.2822,0.2959
2023-09-14,0.3442,0.3636,0.2922
2023-09-21,0.313,0.341,0.3461
2023-09-28,0.2779,0.3127,0.4094
2023-10-05,0.301,0.2832,0.4158
2023-10-12,0.4,0.2351,0.3649
2023-10-19,0.3407,0.3132,0.3462
2023-10-26,0.2928,0.2754,0.4318
2023-11-02,0.2431,0.2541,0.5028
2023-11-09,0.426,0.3018,0.2722
2023-11-16,0.4378,0.2811,0.2811
2023-11-23,0.453,0.3105,0.2365
2023-11-30,0.4876,0.3168,0.1957
2023-12-07,0.4731,0.2527,0.2742
2023-12-14,0.513,0.2939,0.1931
2023-12-21,0.5292,0.2618,0.2089
2023-12-28,0.4633,0.2861,0.2506
2024-01-04,0.4856,0.2794,0.235
2024-01-11,0.4859,0.2725,0.2416
2024-01-18,0.4038,0.3286,0.2676
2024-01-25,0.3927,0.3463,0.261
2024-02-01,0.4907,0.264,0.2453
2024-02-08,0.4903,0.2841,0.2256
2024-02-15,0.4217,0.3106,0.2677
2024-02-22,0.4428,0.2952,0.262
2024-02-29,0.465,0.3217,0.2134
2024-03-07,0.5174,0.265,0.2177
2024-03-14,0.459,0.3222,0.2188
2024-03-21,0.432,0.2961,0.2719
2024-03-28,0.5,0.2755,0.2245
2024-04-04,0.4729,0.3049,0.2222
2024-04-11,0.4344,0.3251,0.2404
2024-04-18,0.3827,0.2776,0.3396
2024-04-25,0.3213,0.3393,0.3393
2024-05-02,0.3849,0.2902,0.3249
2024-05-09,0.4082,0.3537,0.2381
2024-05-16,0.4086,0.3588,0.2326
2024-05-23,0.4704,0.2664,0.2632
2024-05-30,0.3904,0.3425,0.2671
2024-06-06,0.3897,0.2904,0.3199
2024-06-13,0.4459,0.2973,0.2568
2024-06-20,0.4437,0.3312,0.2251
2024-06-27,0.4449,0.2717,0.2835
2024-07-04,0.4174,0.3217,0.2609
2024-07-11,0.4918,0.291,0.2172
2024-07-18,0.5275,0.2381,0.2344
2024-07-25,0.4317,0.2509,0.3173
2024-08-01,0.4488,0.2992,0.252
2024-08-08,0.4054,0.2201,0.3745
2024-08-15,0.4254,0.2857,0.2889
2024-08-22,0.5161,0.2473,0.2366
2024-08-29,0.5116,0.2186,0.2698
2024-09-05,0.4533,0.2976,0.2491
2024-09-12,0.398,0.2925,0.3095
2024-09-19,0.5083,0.2277,0.264
2024-09-26,0.4962,0.2669,0.2368
2024-10-03,0.4545,0.2727,0.2727
2024-10-10,0.4901,0.3043,0.2055
2024-10-17,0.4545,0.2917,0.2538
2024-10-24,0.377,0.3238,0.2992
2024-10-31,0.3949,0.2961,0.309
2024-11-07,0.4154,0.3088,0.2757
2024-11-14,0.4984,0.2181,0.2835
2024-11-21,0.4129,0.2548,0.3323
2024-11-28,0.3705,0.243,0.3865
2024-12-05,0.4833,0.21,0.3067
2024-12-12,0.4333,0.25,0.3167
2024-12-19,0.4071,0.2786,0.3143
2024-12-26,0.378,0.2805,0.3415
2025-01-02,0.3544,0.3038,0.3418
2025-01-09,0.3467,0.2796,0.3737
2025-01-16,0.2543,0.34,0.4057
2025-01-23,0.4343,0.2714,0.2943
2025-01-30,0.4096,0.25,0.3404
2025-02-06,0.3333,0.2381,0.4286
2025-02-13,0.2842,0.2432,0.4727
2025-02-20,0.2919,0.3035,0.4046
2025-02-27,0.1938,0.2,0.6062
2025-03-06,0.1933,0.2356,0.5711
2025-03-13,0.1911,0.2166,0.5924
2025-03-20,0.2158,0.203,0.5812
2025-03-27,0.2742,0.2043,0.5215
2025-04-03,0.2176,0.1632,0.6192
2025-04-10,0.2852,0.1255,0.5894
2025-04-17,0.2544,0.1771,0.5686
2025-04-24,0.2194,0.2251,0.5556
2025-05-01,0.2094,0.1976,0.5929
2025-05-08,0.2945,0.1902,0.5153
2025-05-15,0.3593,0.1966,0.4441
2025-05-22,0.377,0.2557,0.3672
2025-05-29,0.3289,0.2525,0.4186
2025-06-05,0.3266,0.2593,0.4141
2025-06-12,0.3667,0.2974,0.3359
2025-06-19,0.3321,0.2537,0.4142
2025-06-26,0.3507,0.2465,0.4028
2025-07-03,0.4502,0.2187,0.3312
2025-07-10,0.4138,0.2299,0.3563
2025-07-17,0.3927,0.2175,0.3898
2025-07-24,0.3678,0.2918,0.3404
2025-07-31,0.4033,0.2667,0.33
2025-08-07,0.3487,0.219,0.4323
2025-08-14,0.2988,0.2396,0.4615
2025-08-21,0.3084,0.2435,0.4481
2025-08-28,0.346,0.2595,0.3945
2025-09-04,0.3269,0.2395,0.4337
2025-09-11,0.2803,0.2249,0.4948
2025-09-18,0.4167,0.1597,0.4236
2025-09-25,0.4173,0.1906,0.3921
2025-10-02,0.4292,0.1792,0.3917
2025-10-09,0.4587,0.1848,0.3564
2025-10-16,0.3366,0.2026,0.4608
2025-10-23,0.3686,0.2048,0.4266
2025-10-30,0.4403,0.1911,0.3686
2025-11-06,0.3797,0.2576,0.3627
2025-11-13,0.3162,0.1924,0.4914
2025-11-20,0.3258,0.2386,0.4356
2025-11-27,0.3203,0.2527,0.427
2025-12-04,0.4429,0.2491,0.308
2025-12-11,0.4459,0.2484,0.3057
2025-12-18,0.4414,0.2266,0.332
2025-12-25,0.3744,0.2775,0.348
2026-01-01,0.4204,0.3097,0.2699
2026-01-08,0.4249,0.2748,0.3003
2026-01-15,0.495,0.2226,0.2824
2026-01-22,0.4317,0.241,0.3273
2026-01-29,0.444,0.248,0.308
2026-02-05,0.3967,0.3133,0.29
2026-02-12,0.3852,0.2335,0.3813
2026-02-19,0.3454,0.2851,0.3695
2026-02-26,0.332,0.2705,0.3975
2026-03-05,0.3306,0.3141,0.3554
2026-03-12,0.3194,0.2167,0.4639
2026-03-19,0.304,0.176,0.52
2026-03-26,0.321,0.1811,0.4979
2026-04-02,0.3357,0.15,0.5143
2026-04-09,0.3575,0.2127,0.4299
2026-04-16,0.3173,0.2548,0.4279
2026-04-23,0.4605,0.1953,0.3442
2026-04-30,0.3813,0.2218,0.3969
2026-05-07,0.3831,0.2874,0.3295
2026-05-14,0.3932,0.2407,0.3661
2026-05-20,0.317,0.247,0.436
2026-05-27,0.356,0.226,0.419
2026-06-03,0.363,0.267,0.37
2026-06-10,0.304,0.22,0.477
2026-06-17,0.366,0.241,0.394
2026-06-24,0.449,0.189,0.361
2026-07-01,0.314,0.264,0.423
2026-07-08,0.363,0.265,0.372
2026-07-15,0.449,0.222,0.329
2026-07-22,0.296,0.281,0.423
2026-07-29,0.31,0.269,0.421
2026-08-05,0.37,0.25,0.38
2026-08-12,0.347,0.274,0.379
2026-08-19,0.355,0.246,0.399
2026-08-26,0.329,0.226,0.444
2026-09-02,0.397,0.227,0.376
